{
  "version": "v4",
  "repo": "borisyankov/DefinitelyTyped",
  "ref": "master",
  "path": "typings",
  "bundle": "typings/tsd.d.ts",
  "installed": {
    "node/node.d.ts": {
      "commit": "86dbea8fc37d9473fee465da4f0a21bea4f8cbd9"
    },
    "express/express.d.ts": {
      "commit": "86dbea8fc37d9473fee465da4f0a21bea4f8cbd9"
    },
    "serve-static/serve-static.d.ts": {
      "commit": "86dbea8fc37d9473fee465da4f0a21bea4f8cbd9"
    },
    "mime/mime.d.ts": {
      "commit": "86dbea8fc37d9473fee465da4f0a21bea4f8cbd9"
    }
  }
}
